nickname,corrected_nickname
A OP,NA
Aastha OP,NA
Actor OP,Actor OP
Advertiser OP,Advertiser OP
Advertiser op,Advertiser OP
Air Purifier OP,Air Purifier OP
Ajay OP,NA
Akkar OP,NA
Amplifier OP,Amplifier OP
Amplifier op,Amplifier OP
Annihilator OP,Annihilator OP
Astro OP,NA
Back OP,Banker OP
Backer OP,Banker OP
Bagger OP,Banger OP
Baker OP,Banker OP
Bangar OP,Banger OP
Banger OP,Banger OP
Banker OP,Banker OP
Banker op,Banker OP
Bassi OP,NA
Bhenga OP,Banger OP
Biker OP,Banker OP
Black OP,NA
Blackout OP,NA
Blogger OP,Blogger OP
Brighter OP,Brighter OP
Brother OP,Brother OP
Butler OP,Butler OP
Camera OP,NA
Carrier OP,Carrier OP
Carry OP,NA
Chad OP,NA
Chat OP,NA
Chatturvedi OP,NA
Chaturvedi OP,NA
Cheerleader OP,Cheerleader OP
Cheerleaders OP,Cheerleader OP
Chess OP,NA
Chief OP,NA
Cider OP,Sider OP
Clasher OP,Clasher OP
Clutch God OP,NA
Collider OP,Collider OP
Colonel OP,NA
Commander OP,Commander OP
Conqueror OP,Conqueror OP
Content OP,NA
Critic OP,NA
Dancer OP,Dancer OP
Darshit OP,NA
Dayama OP,NA
Diva OP,NA
Diver OP,Diver OP
Divider OP,Divider OP
Divider op,Divider OP
DJ OP,NA
Doppelganger OP,Doppelganger OP
Driver OP,Driver OP
Dynamo OP,NA
Engineer OP,Engineer OP
Engineer op,Engineer OP
Entity Gaming OP,NA
Father OP,Father OP
Fattu OP,NA
Fighter OP,Fighter OP
Flying Beast OP,NA
Gag OP,NA
Gamer OP,Gamer OP
Gopi OP,NA
Gunshot OP,NA
Guruosh OP,NA
Hacker OP,Hacker OP
Hafla OP,NA
Hamsal OP,NA
Happier OP,Happier OP
Her OP,NA
Her op,Her OP
Humidifier OP,Humidifier OP
Husband OP,Shauhar OP
Hustler OP,Hustler OP
Insider OP,Insider OP
Inter OP,NA
IT OP,NA
J Rider OP,Rider OP
Jaar OP,NA
Jacket Provider OP,NA
Jersey OP,NA
Jo OP,NA
Joshi OP,NA
Kanhees OP,NA
Kanhis OP,NA
Keeper OP,Keeper OP
Kidnapper OP,Kidnapper OP
Kidnapper op,Kidnapper OP
Killer OP,NA
Kitap OP,NA
Kullu Manali OP,NA
Kullu OP,NA
Kulu Manali OP,NA
Kulu OP,NA
Late OP,NA
Leader OP,Leader OP
Lieutenant OP,NA
Love Guru OP,NA
Lover OP,Lover OP
Lover op,Lover OP
Magician OP,NA
Manager OP,Manager OP
Master OP,Master OP
Mathur OP,NA
Mechanic OP,NA
Mind Fryer OP,Mind Fryer OP
Mindfryer OP,Mind Fryer OP
Mithilesh OP,NA
Mixer OP,Mixer OP
Mortal OP,NA
Mother OP,Mother OP
Multiplier OP,Multiplier OP
My OP,NA
Nade OP,NA
Namabzade OP,NA
Nawabzadeh OP,NA
Nishant OP,NA
Noob OP,NA
Paneer OP,Paneer OP
Pavi OP,NA
Philosopher OP,Philosopher OP
Pioneer OP,Pioneer OP
Pizza OP,NA
Pizzar OP,NA
Player OP,Player OP
Plumber OP,Plumber OP
Poet OP,NA
Poker OP,Poker OP
Prancer OP,Pranker OP
Pranker OP,Pranker OP
Priester OP,Prisoner OP
Prime OP,NA
Prince OP,NA
Principal OP,NA
Printer OP,Printer OP
Printer op,Printer OP
Pris OP,Prisoner OP
Prisa OP,Prisoner OP
Prisar OP,Prisoner OP
Priscer op,Prisoner OP
Priser OP,Prisoner OP
Prisha OP,Prisoner OP
Prisma OP,Prisoner OP
Prisner OP,Prisoner OP
Prisoner OP,Prisoner OP
Prisoner op,Prisoner OP
Prister op,Prisoner OP
Prisz OP,Prisoner OP
Priszar OP,Prisoner OP
Priszdar OP,Prisoner OP
Pritha OP,Prisoner OP
Prithvi OP,Prisoner OP
Prithvir OP,Prisoner OP
Prizder op,Prisoner OP
Prizer OP,Prisoner OP
Priznar OP,Prisoner OP
Prizzar OP,Prisoner OP
Pro OP,NA
Pro Player OP,NA
Producer OP,Producer OP
Provider OP,Provider OP
Rahul OP,NA
Raider OP,Rider OP
Raja OP,NA
Rapper OP,Rapper OP
Rapper op,Rapper OP
RB OP,NA
Reservoir OP,Reservoir OP
Reviewer OP,Reviewer OP
Reviewer op,Reviewer OP
Rider OP,Rider OP
Rider op,Rider OP
Riker OP,Rider OP
Rishabh OP,NA
Ritika OP,NA
Rizna OP,NA
Roach OP,NA
Rocker OP,NA
Ryder OP,Rider OP
Saela OP,NA
Sahil OP,NA
Saira OP,Shauhar OP
Sangwan OP,NA
Sarthak OP,NA
Satisfier OP,Satisfier OP
Satisfyer op,Satisfier OP
Satisfyer OP,Satisfier OP
Saurabh OP,NA
Scout OP,NA
Sean OP,NA
Seducer OP,Seducer OP
Sex OP,NA
Sexualizer OP,Sexualizer OP
Sexualizer op,Sexualizer OP
Shah OP,Shauhar OP
Shahad OP,Shauhar OP
Shahar OP,Shauhar OP
Shahar op,Shauhar OP
Shahd OP,Shauhar OP
Shahher OP,Shauhar OP
Shahr OP,Shauhar OP
Shai OP,Shauhar OP
Shair OP,Shauhar OP
Shakya OP,Shakya OP
Shaohar op,Shauhar OP
Shaohar OP,Shauhar OP
Sharer OP,Shauhar OP
Shau OP,Shauhar OP
Shauhar OP,Shauhar OP
Shaur OP,Shauhar OP
Shaurya OP,Shauhar OP
Shaw OP,Shauhar OP
Shawar OP,Shauhar OP
Shawher op,Shauhar OP
Shawl OP,Shauhar OP
Shayan OP,Shauhar OP
Shire OP,Shauhar OP
Shoah OP,Shauhar OP
Shoar OP,Shauhar OP
Shohar OP,Shauhar OP
Shohar op,Shauhar OP
Shohor OP,Shauhar OP
Shooter OP,Shooter OP
Shopkeeper OP,Shopkeeper OP
Shor OP,Shauhar OP
Shore OP,Shauhar OP
Show Hero OP,Shauhar OP
Show OP,Shauhar OP
Shower OP,Shauhar OP
Showrunner OP,Shauhar OP
Shy OP,Shayar OP
Shyer OP,Shayar OP
Sider OP,Sider OP
Simplifier OP,Simplifier OP
Simplifier op,Simplifier OP
Simplify OP,Simplifier OP
Slower OP,Slower OP
Sniper OP,Sniper OP
Sober OP,Sober OP
SOPer OP,Sober OP
Star OP,NA
Streamer OP,Streamer OP
Struggler OP,Struggler OP
Struggler op,Struggler OP
Subbu OP,NA
Subscriber OP,Subscriber OP
Sure OP,Shauhar OP
Survivor OP,Survivor OP
Syed OP,NA
Talker OP,Talker OP
Talker op,Talker OP
Tesla OP,NA
Thakkar OP,Thakkar OP
Theater OP,Theater OP
Time OP,NA
Tina OP,NA
Total OP,NA
Tour OP,NA
Triggered OP,NA
Uruj OP,NA
Varun OP,NA
Vishal OP,NA
Vlogger OP,Vlogger OP
Wanker OP,Banker OP
Wire OP,NA
Writer OP,Writer OP
Writer op,Writer OP
YOLO OP,NA
Yorker OP,Yorker OP
Zagger OP,Zagger OP
Zakir OP,NA
Zehr OP,NA
Zig Zagger OP,NA
Zigzagger OP,NA